124797|81|670b8b76-1bd7-42ae-8667-4a60168526a5|0
124801|81|670b8b76-1bd7-42ae-8667-4a60168526a5|0
124804|81|670b8b76-1bd7-42ae-8667-4a60168526a5|0
124809|81|670b8b76-1bd7-42ae-8667-4a60168526a5|0
124813|81|670b8b76-1bd7-42ae-8667-4a60168526a5|0
124818|81|670b8b76-1bd7-42ae-8667-4a60168526a5|0.50218266248703
124918|6|d8950fae-1590-4859-bc18-fdf1d57729dd|0.45105212926864624
125978|88|471e5505-d8a3-4855-9b90-a38bdd5e7a57|0.4672220051288605
125997|76|d9a039e4-952d-42dc-86f8-155862a639c7|0.5118361711502075
126586|88|471e5505-d8a3-4855-9b90-a38bdd5e7a57|0
126591|88|471e5505-d8a3-4855-9b90-a38bdd5e7a57|0
126595|88|471e5505-d8a3-4855-9b90-a38bdd5e7a57|0
126599|88|471e5505-d8a3-4855-9b90-a38bdd5e7a57|0
126603|88|471e5505-d8a3-4855-9b90-a38bdd5e7a57|0.481686532497406
126605|88|471e5505-d8a3-4855-9b90-a38bdd5e7a57|0
126609|88|471e5505-d8a3-4855-9b90-a38bdd5e7a57|0
128459|5|50725643-ebe1-430b-b9b0-d6bb43e156bd|0.5032023787498474
128619|88|471e5505-d8a3-4855-9b90-a38bdd5e7a57|0
128637|88|471e5505-d8a3-4855-9b90-a38bdd5e7a57|0
128652|88|471e5505-d8a3-4855-9b90-a38bdd5e7a57|0.5155410170555115
130516|19|bf9a631b-628d-417f-9006-975e135e97f4|0.4812646806240082
131990|4|391c8cdd-f924-4db9-b7bb-77ace2838fd8|0.5977083444595337
131995|4|391c8cdd-f924-4db9-b7bb-77ace2838fd8|0
132032|4|391c8cdd-f924-4db9-b7bb-77ace2838fd8|0.5522425174713135
133809|29|3813aec6-f244-4187-9f19-7237410da4f8|0.5130957365036011
133817|29|3813aec6-f244-4187-9f19-7237410da4f8|0
134514|5|50725643-ebe1-430b-b9b0-d6bb43e156bd|0.5171235799789429
134715|81|670b8b76-1bd7-42ae-8667-4a60168526a5|0.4879394471645355
134725|81|670b8b76-1bd7-42ae-8667-4a60168526a5|0.5100705623626709
135051|6|d8950fae-1590-4859-bc18-fdf1d57729dd|0
135054|6|d8950fae-1590-4859-bc18-fdf1d57729dd|0.5254431366920471
135134|6|d8950fae-1590-4859-bc18-fdf1d57729dd|0
135138|6|d8950fae-1590-4859-bc18-fdf1d57729dd|0
135142|6|d8950fae-1590-4859-bc18-fdf1d57729dd|0
135145|6|d8950fae-1590-4859-bc18-fdf1d57729dd|0.4763529896736145
135149|6|d8950fae-1590-4859-bc18-fdf1d57729dd|0
135153|6|d8950fae-1590-4859-bc18-fdf1d57729dd|0.48123180866241455
135158|6|d8950fae-1590-4859-bc18-fdf1d57729dd|0
135160|6|d8950fae-1590-4859-bc18-fdf1d57729dd|0.4865899085998535
135164|6|d8950fae-1590-4859-bc18-fdf1d57729dd|0
135166|6|d8950fae-1590-4859-bc18-fdf1d57729dd|0
135170|6|d8950fae-1590-4859-bc18-fdf1d57729dd|0
135172|6|d8950fae-1590-4859-bc18-fdf1d57729dd|0
135175|6|d8950fae-1590-4859-bc18-fdf1d57729dd|0
135178|6|d8950fae-1590-4859-bc18-fdf1d57729dd|0
135181|6|d8950fae-1590-4859-bc18-fdf1d57729dd|0
135184|6|d8950fae-1590-4859-bc18-fdf1d57729dd|0
135187|6|d8950fae-1590-4859-bc18-fdf1d57729dd|0
135190|6|d8950fae-1590-4859-bc18-fdf1d57729dd|0
135194|6|d8950fae-1590-4859-bc18-fdf1d57729dd|0
135198|6|d8950fae-1590-4859-bc18-fdf1d57729dd|0
135293|81|670b8b76-1bd7-42ae-8667-4a60168526a5|0
135300|81|670b8b76-1bd7-42ae-8667-4a60168526a5|0.47366705536842346
135306|81|670b8b76-1bd7-42ae-8667-4a60168526a5|0
135313|81|670b8b76-1bd7-42ae-8667-4a60168526a5|0
135319|81|670b8b76-1bd7-42ae-8667-4a60168526a5|0
135325|81|670b8b76-1bd7-42ae-8667-4a60168526a5|0
135521|6|d8950fae-1590-4859-bc18-fdf1d57729dd|0.545604944229126
135526|6|d8950fae-1590-4859-bc18-fdf1d57729dd|0.5172083377838135
135530|6|d8950fae-1590-4859-bc18-fdf1d57729dd|0.49627190828323364
135537|6|d8950fae-1590-4859-bc18-fdf1d57729dd|0.5041567087173462
135541|6|d8950fae-1590-4859-bc18-fdf1d57729dd|0.521406888961792
135545|6|d8950fae-1590-4859-bc18-fdf1d57729dd|0.46611151099205017
135548|6|d8950fae-1590-4859-bc18-fdf1d57729dd|0
135628|6|d8950fae-1590-4859-bc18-fdf1d57729dd|0
135629|6|d8950fae-1590-4859-bc18-fdf1d57729dd|0.5002923011779785
135632|6|d8950fae-1590-4859-bc18-fdf1d57729dd|0
135633|6|d8950fae-1590-4859-bc18-fdf1d57729dd|0.49286016821861267
135635|6|d8950fae-1590-4859-bc18-fdf1d57729dd|0
135636|6|d8950fae-1590-4859-bc18-fdf1d57729dd|0
135640|6|d8950fae-1590-4859-bc18-fdf1d57729dd|0
135641|6|d8950fae-1590-4859-bc18-fdf1d57729dd|0
135644|6|d8950fae-1590-4859-bc18-fdf1d57729dd|0
135645|6|d8950fae-1590-4859-bc18-fdf1d57729dd|0.4905899167060852
135648|6|d8950fae-1590-4859-bc18-fdf1d57729dd|0
135649|6|d8950fae-1590-4859-bc18-fdf1d57729dd|0
136959|6|d8950fae-1590-4859-bc18-fdf1d57729dd|0.4529123604297638
136964|6|d8950fae-1590-4859-bc18-fdf1d57729dd|0
